Attack_type,Edge_indice_in_testgraph,Edge_indice_in_subgraph,Feature_importance
Brute Force,7205,0,"{' Fwd Header Length.1': 0.8755699396133423, ' Fwd Header Length': 0.8588958382606506, ' Avg Fwd Segment Size': 0.8576596975326538, ' ACK Flag Count': 0.8561685681343079, ' Bwd Header Length': 0.8536866307258606, ' Total Fwd Packets': 0.851655125617981, 'Idle Mean': 0.8516468405723572, ' Total Backward Packets': 0.8453177809715271, ' Max Packet Length': 0.844866931438446, ' act_data_pkt_fwd': 0.844371497631073, ' Subflow Bwd Packets': 0.8443247675895691, ' Active Std': 0.8363135457038879, ' Idle Min': 0.8362875580787659, ' Packet Length Variance': 0.8295151591300964, ' Protocol': 0.8268457651138306, ' Idle Max': 0.8236939311027527, ' Fwd Packet Length Mean': 0.8235945701599121, ' Active Max': 0.8234090209007263, ' Fwd Packet Length Min': 0.8221040964126587, 'Subflow Fwd Packets': 0.8143934011459351, ' Down/Up Ratio': 0.8120642900466919, ' Flow IAT Min': 0.8102139234542847, ' Min Packet Length': 0.8084582686424255, ' RST Flag Count': 0.7717092633247375, ' ECE Flag Count': 0.7515954971313477, ' Packet Length Std': 0.7483404278755188, ' Average Packet Size': 0.7157039046287537, 'Active Mean': 0.7048064470291138, ' Bwd IAT Min': 0.6731098890304565, ' Active Min': 0.6026367545127869, ' Bwd URG Flags': 0.5211864709854126, ' Bwd Avg Bytes/Bulk': 0.5168646574020386, ' Fwd Avg Packets/Bulk': 0.4981604814529419, ' Fwd Avg Bulk Rate': 0.49052608013153076, 'Fwd Avg Bytes/Bulk': 0.479074627161026, ' Bwd Avg Packets/Bulk': 0.4767214059829712, ' Bwd PSH Flags': 0.47237130999565125, 'Bwd Avg Bulk Rate': 0.4519072473049164, ' Init_Win_bytes_backward': 0.4106912314891815, ' CWE Flag Count': 0.2706262171268463, ' Fwd URG Flags': 0.24230144917964935, ' Bwd Packets/s': 0.21120239794254303, ' Bwd Packet Length Std': 0.20776446163654327, ' Bwd Packet Length Mean': 0.18818867206573486, ' Flow IAT Std': 0.18740901350975037, 'Bwd Packet Length Max': 0.1853674352169037, ' Fwd IAT Std': 0.1811661571264267, ' Idle Std': 0.17912517488002777, 'Fwd Packets/s': 0.17905806005001068, 'Bwd IAT Total': 0.17825032770633698, ' Flow IAT Mean': 0.17615573108196259, ' SYN Flag Count': 0.17524117231369019, ' URG Flag Count': 0.17468079924583435, ' Fwd IAT Min': 0.17235888540744781, ' Avg Bwd Segment Size': 0.17179866135120392, ' Fwd IAT Max': 0.16990560293197632, ' Subflow Fwd Bytes': 0.16860947012901306, ' Fwd Packet Length Max': 0.16646966338157654, ' Bwd IAT Std': 0.16627047955989838, 'Total Length of Fwd Packets': 0.16485676169395447, ' Packet Length Mean': 0.16467268764972687, ' PSH Flag Count': 0.16435222327709198, ' Subflow Bwd Bytes': 0.16405022144317627, 'Fwd PSH Flags': 0.16060039401054382, ' Bwd IAT Max': 0.1604769229888916, ' min_seg_size_forward': 0.15937228500843048, ' Flow Duration': 0.1589110940694809, ' Fwd IAT Mean': 0.15804271399974823, 'Fwd IAT Total': 0.1567123681306839, ' Flow IAT Max': 0.15654371678829193, ' Fwd Packet Length Std': 0.15368087589740753, ' Bwd IAT Mean': 0.1506156027317047, ' Total Length of Bwd Packets': 0.14971958100795746, ' Bwd Packet Length Min': 0.13629958033561707, 'Init_Win_bytes_forward': 0.1353316456079483, 'FIN Flag Count': 0.1323888897895813}"
XSS,21601,0,"{' Fwd Header Length.1': 0.8753341436386108, ' Fwd Header Length': 0.8742990493774414, ' Total Backward Packets': 0.8656542897224426, ' Subflow Bwd Packets': 0.862452507019043, ' ACK Flag Count': 0.8537904620170593, ' Avg Fwd Segment Size': 0.8513028621673584, ' Bwd Header Length': 0.8424530029296875, 'Subflow Fwd Packets': 0.8414575457572937, ' Packet Length Variance': 0.8399197459220886, ' Total Fwd Packets': 0.8398422598838806, ' Active Std': 0.8392561078071594, ' act_data_pkt_fwd': 0.8362648487091064, ' Active Max': 0.8332975506782532, 'Idle Mean': 0.8319200873374939, ' Fwd Packet Length Mean': 0.831896185874939, ' Flow IAT Min': 0.8291497826576233, ' Idle Min': 0.8288725018501282, ' Min Packet Length': 0.8228640556335449, ' Idle Max': 0.8226491212844849, ' Down/Up Ratio': 0.8193145990371704, ' Max Packet Length': 0.8078904747962952, ' Protocol': 0.7925174832344055, ' RST Flag Count': 0.7873230576515198, ' Fwd Packet Length Min': 0.7852717638015747, ' ECE Flag Count': 0.7693897485733032, ' Packet Length Std': 0.7299473881721497, ' Average Packet Size': 0.7247752547264099, ' Bwd IAT Min': 0.7175715565681458, 'Active Mean': 0.7012631297111511, ' Active Min': 0.5871073007583618, 'Fwd Avg Bytes/Bulk': 0.551820695400238, ' Bwd PSH Flags': 0.5145308375358582, ' Fwd Avg Bulk Rate': 0.5117343068122864, 'Bwd Avg Bulk Rate': 0.5075922608375549, ' Bwd Avg Packets/Bulk': 0.5074325799942017, ' Bwd Avg Bytes/Bulk': 0.5056477785110474, ' Bwd URG Flags': 0.4972464442253113, ' Fwd Avg Packets/Bulk': 0.4654604196548462, ' Init_Win_bytes_backward': 0.3920934200286865, ' CWE Flag Count': 0.2964983284473419, ' Fwd URG Flags': 0.27259767055511475, 'Bwd Packet Length Max': 0.20289286971092224, ' URG Flag Count': 0.1975174993276596, ' Bwd Packet Length Mean': 0.19680583477020264, ' Fwd IAT Std': 0.19457992911338806, ' Bwd Packets/s': 0.1940932422876358, ' Idle Std': 0.18945911526679993, ' Subflow Fwd Bytes': 0.18820612132549286, ' Flow IAT Std': 0.18801099061965942, ' Total Length of Bwd Packets': 0.18350696563720703, ' PSH Flag Count': 0.18273299932479858, 'Total Length of Fwd Packets': 0.18166658282279968, ' Bwd IAT Std': 0.17696154117584229, ' Bwd Packet Length Std': 0.17662765085697174, ' Flow IAT Max': 0.1727169007062912, 'Bwd IAT Total': 0.16966649889945984, ' SYN Flag Count': 0.16790181398391724, ' Packet Length Mean': 0.16530750691890717, ' Fwd IAT Max': 0.1634257435798645, ' Fwd Packet Length Max': 0.16153712570667267, ' Avg Bwd Segment Size': 0.16128909587860107, ' Flow Duration': 0.15998120605945587, ' Bwd IAT Mean': 0.15927252173423767, 'Fwd Packets/s': 0.15867413580417633, 'Fwd PSH Flags': 0.15779854357242584, ' Fwd Packet Length Std': 0.1573498398065567, ' Subflow Bwd Bytes': 0.15715083479881287, ' Fwd IAT Min': 0.1570207178592682, ' Flow IAT Mean': 0.15672022104263306, 'Fwd IAT Total': 0.15631717443466187, ' Bwd IAT Max': 0.1518726348876953, ' min_seg_size_forward': 0.14934882521629333, 'Init_Win_bytes_forward': 0.14630316197872162, 'FIN Flag Count': 0.1455964595079422, ' Fwd IAT Mean': 0.1437927484512329, ' Bwd Packet Length Min': 0.12209903448820114}"
Sql Injection,47370,0,"{' Fwd Header Length': 0.8940680623054504, ' Fwd Header Length.1': 0.8902365565299988, ' Total Backward Packets': 0.8741875886917114, ' act_data_pkt_fwd': 0.8697127103805542, ' Bwd Header Length': 0.8635355234146118, ' Subflow Bwd Packets': 0.8574324250221252, 'Subflow Fwd Packets': 0.852498471736908, ' Active Std': 0.8515864014625549, ' Idle Max': 0.8502674698829651, ' Fwd Packet Length Mean': 0.8466366529464722, ' Idle Min': 0.8449950218200684, ' Active Max': 0.844510555267334, ' Total Fwd Packets': 0.8444167971611023, 'Idle Mean': 0.8440897464752197, ' Max Packet Length': 0.8417930006980896, ' Down/Up Ratio': 0.8327695727348328, ' Protocol': 0.8301258683204651, ' Flow IAT Min': 0.8231711387634277, ' ACK Flag Count': 0.8214858770370483, ' Avg Fwd Segment Size': 0.8214080333709717, ' Min Packet Length': 0.8151742815971375, ' Packet Length Variance': 0.8138437867164612, ' Fwd Packet Length Min': 0.8074928522109985, ' ECE Flag Count': 0.7956632971763611, ' Bwd IAT Min': 0.7590042948722839, ' Packet Length Std': 0.757053792476654, ' RST Flag Count': 0.753459632396698, 'Active Mean': 0.6685804128646851, ' Average Packet Size': 0.6653950810432434, ' Active Min': 0.6136915683746338, ' Fwd Avg Bulk Rate': 0.526691734790802, ' Bwd Avg Packets/Bulk': 0.5266560912132263, 'Fwd Avg Bytes/Bulk': 0.5092917084693909, ' Bwd PSH Flags': 0.5071107745170593, ' Fwd Avg Packets/Bulk': 0.5029349327087402, ' Bwd Avg Bytes/Bulk': 0.4808484613895416, ' Bwd URG Flags': 0.46322205662727356, 'Bwd Avg Bulk Rate': 0.4578857123851776, ' Init_Win_bytes_backward': 0.40089067816734314, ' CWE Flag Count': 0.2635253071784973, ' Fwd URG Flags': 0.24513539671897888, ' Bwd Packets/s': 0.2157992720603943, 'Bwd Packet Length Max': 0.21209090948104858, ' Fwd IAT Std': 0.20729053020477295, ' Idle Std': 0.20326358079910278, ' Bwd Packet Length Std': 0.1995958834886551, ' PSH Flag Count': 0.18498595058918, ' Avg Bwd Segment Size': 0.18397237360477448, ' Flow IAT Std': 0.18089693784713745, ' URG Flag Count': 0.17941434681415558, ' Flow IAT Max': 0.17929913103580475, ' Flow IAT Mean': 0.17606361210346222, ' Fwd IAT Max': 0.175861194729805, 'Bwd IAT Total': 0.1731867492198944, ' Fwd IAT Min': 0.16793745756149292, ' Fwd Packet Length Max': 0.16714590787887573, ' Subflow Fwd Bytes': 0.16477243602275848, 'Total Length of Fwd Packets': 0.1638905555009842, ' Bwd IAT Std': 0.16363565623760223, 'Fwd IAT Total': 0.16217146813869476, ' Fwd Packet Length Std': 0.16127295792102814, ' Bwd Packet Length Mean': 0.16023311018943787, ' Flow Duration': 0.15951433777809143, ' SYN Flag Count': 0.15789975225925446, ' Bwd IAT Max': 0.15718619525432587, ' Fwd IAT Mean': 0.15661166608333588, ' Packet Length Mean': 0.15313854813575745, 'Fwd Packets/s': 0.15245017409324646, ' min_seg_size_forward': 0.15150879323482513, 'Fwd PSH Flags': 0.14785797894001007, 'Init_Win_bytes_forward': 0.1450735330581665, ' Subflow Bwd Bytes': 0.14329519867897034, ' Total Length of Bwd Packets': 0.14223691821098328, ' Bwd IAT Mean': 0.13879622519016266, 'FIN Flag Count': 0.12481650710105896, ' Bwd Packet Length Min': 0.11738854646682739}"
Heartbleed,124271,0,"{' ACK Flag Count': 0.8673845529556274, ' Fwd Header Length': 0.8562560677528381, ' Subflow Bwd Packets': 0.8548629879951477, ' act_data_pkt_fwd': 0.8517544865608215, ' Bwd Header Length': 0.8515208959579468, ' Fwd Header Length.1': 0.8512119054794312, ' Total Backward Packets': 0.8500156998634338, ' Total Fwd Packets': 0.8491360545158386, ' Idle Min': 0.8421012163162231, 'Subflow Fwd Packets': 0.8373793959617615, 'Idle Mean': 0.8353201150894165, ' Avg Fwd Segment Size': 0.8338196277618408, ' Packet Length Variance': 0.8331413865089417, ' Idle Max': 0.8305971026420593, ' Active Max': 0.8294265866279602, ' Max Packet Length': 0.8218128681182861, ' Flow IAT Min': 0.816241443157196, ' Fwd Packet Length Mean': 0.8143680095672607, ' Active Std': 0.8142380118370056, ' Down/Up Ratio': 0.8076708316802979, ' Min Packet Length': 0.7988742589950562, ' Fwd Packet Length Min': 0.7950938940048218, ' Protocol': 0.7935619950294495, ' RST Flag Count': 0.7756057977676392, ' ECE Flag Count': 0.7737722396850586, ' Average Packet Size': 0.7494092583656311, ' Bwd IAT Min': 0.7261868715286255, ' Packet Length Std': 0.7021549344062805, 'Active Mean': 0.6933744549751282, ' Active Min': 0.5510404706001282, ' Bwd URG Flags': 0.5375750660896301, ' Bwd PSH Flags': 0.5269313454627991, ' Bwd Avg Bytes/Bulk': 0.5119889378547668, 'Fwd Avg Bytes/Bulk': 0.5093971490859985, 'Bwd Avg Bulk Rate': 0.5090849995613098, ' Fwd Avg Packets/Bulk': 0.5069427490234375, ' Bwd Avg Packets/Bulk': 0.506443202495575, ' Fwd Avg Bulk Rate': 0.4985930025577545, ' Init_Win_bytes_backward': 0.4189862012863159, ' CWE Flag Count': 0.30280801653862, ' Fwd URG Flags': 0.26187369227409363, 'Bwd Packet Length Max': 0.21215258538722992, ' Idle Std': 0.21062789857387543, ' Bwd Packets/s': 0.20450279116630554, ' Bwd Packet Length Std': 0.1984986811876297, ' Bwd Packet Length Mean': 0.19780437648296356, ' Flow IAT Std': 0.1871444284915924, ' URG Flag Count': 0.18584367632865906, ' Fwd IAT Std': 0.18306183815002441, ' PSH Flag Count': 0.18150632083415985, 'Fwd Packets/s': 0.18146944046020508, ' Avg Bwd Segment Size': 0.1768079251050949, ' SYN Flag Count': 0.17632067203521729, 'Bwd IAT Total': 0.17419299483299255, ' Packet Length Mean': 0.1740177869796753, ' Flow IAT Max': 0.17267324030399323, ' Fwd IAT Max': 0.17244930565357208, ' Fwd IAT Min': 0.16953220963478088, ' Bwd IAT Max': 0.16800448298454285, 'Total Length of Fwd Packets': 0.16538089513778687, ' Subflow Fwd Bytes': 0.1632867306470871, 'Fwd IAT Total': 0.16253270208835602, ' Flow IAT Mean': 0.15996693074703217, ' Bwd IAT Std': 0.15877199172973633, 'Init_Win_bytes_forward': 0.158561110496521, ' Bwd IAT Mean': 0.15543390810489655, ' Flow Duration': 0.15301713347434998, ' Total Length of Bwd Packets': 0.15248741209506989, ' Fwd Packet Length Max': 0.14991211891174316, 'Fwd PSH Flags': 0.14956367015838623, ' Fwd Packet Length Std': 0.14768867194652557, ' Subflow Bwd Bytes': 0.1459198296070099, ' min_seg_size_forward': 0.14432421326637268, ' Fwd IAT Mean': 0.14213328063488007, ' Bwd Packet Length Min': 0.1348167508840561, 'FIN Flag Count': 0.11929386109113693}"
DoS Hulk,0,0,"{' act_data_pkt_fwd': 0.8562657833099365, ' Fwd Header Length.1': 0.8559846878051758, 'Subflow Fwd Packets': 0.853498637676239, ' ACK Flag Count': 0.8507872819900513, ' Fwd Header Length': 0.848129391670227, ' Subflow Bwd Packets': 0.8481014370918274, 'Idle Mean': 0.8474872708320618, ' Active Max': 0.8405154943466187, ' Bwd Header Length': 0.8401889801025391, ' Idle Min': 0.8366662859916687, ' Fwd Packet Length Mean': 0.8357254266738892, ' Total Backward Packets': 0.8308532238006592, ' Protocol': 0.8290056586265564, ' Avg Fwd Segment Size': 0.8276779055595398, ' Active Std': 0.8276363015174866, ' Packet Length Variance': 0.8218565583229065, ' Down/Up Ratio': 0.8211354613304138, ' Total Fwd Packets': 0.8182036280632019, ' Min Packet Length': 0.8173983693122864, ' Idle Max': 0.8171677589416504, ' Flow IAT Min': 0.8112318515777588, ' Max Packet Length': 0.8094988465309143, ' Fwd Packet Length Min': 0.793384313583374, ' RST Flag Count': 0.7911526560783386, ' ECE Flag Count': 0.7881489396095276, ' Packet Length Std': 0.7549076676368713, ' Average Packet Size': 0.7440341114997864, 'Active Mean': 0.7341142296791077, ' Bwd IAT Min': 0.7231661677360535, ' Active Min': 0.6275772452354431, ' Bwd Avg Bytes/Bulk': 0.5267685651779175, ' Fwd Avg Packets/Bulk': 0.5136253833770752, 'Bwd Avg Bulk Rate': 0.5075517296791077, ' Bwd Avg Packets/Bulk': 0.48919379711151123, ' Bwd URG Flags': 0.4842624366283417, 'Fwd Avg Bytes/Bulk': 0.4834900200366974, ' Bwd PSH Flags': 0.4760282039642334, ' Fwd Avg Bulk Rate': 0.46549877524375916, ' Init_Win_bytes_backward': 0.38503748178482056, ' CWE Flag Count': 0.2835003137588501, ' Fwd URG Flags': 0.2712697386741638, ' Idle Std': 0.21083642542362213, ' URG Flag Count': 0.20878003537654877, 'Bwd Packet Length Max': 0.1960729956626892, ' Flow IAT Std': 0.19524092972278595, ' Fwd IAT Std': 0.19314488768577576, ' Flow IAT Mean': 0.1870521605014801, ' SYN Flag Count': 0.18553560972213745, ' Bwd Packet Length Std': 0.1854816973209381, 'Fwd PSH Flags': 0.1828242987394333, ' Fwd IAT Mean': 0.18270930647850037, ' PSH Flag Count': 0.1803685873746872, ' Fwd IAT Max': 0.17920002341270447, ' Bwd IAT Std': 0.17842136323451996, ' Bwd IAT Mean': 0.17833629250526428, ' Bwd Packets/s': 0.17644955217838287, ' Avg Bwd Segment Size': 0.1749313324689865, 'Fwd Packets/s': 0.173406720161438, ' Bwd Packet Length Mean': 0.1731097549200058, ' Subflow Fwd Bytes': 0.17170102894306183, ' Fwd Packet Length Max': 0.169081911444664, ' Flow IAT Max': 0.16616761684417725, 'Total Length of Fwd Packets': 0.16611425578594208, ' Bwd IAT Max': 0.1660340279340744, ' Fwd IAT Min': 0.16456221044063568, 'Init_Win_bytes_forward': 0.16318941116333008, 'Fwd IAT Total': 0.1551969200372696, ' min_seg_size_forward': 0.15460166335105896, ' Fwd Packet Length Std': 0.15409734845161438, ' Total Length of Bwd Packets': 0.1532195806503296, ' Flow Duration': 0.15180577337741852, ' Packet Length Mean': 0.1503474861383438, ' Subflow Bwd Bytes': 0.1476588249206543, 'Bwd IAT Total': 0.14581064879894257, ' Bwd Packet Length Min': 0.13181783258914948, 'FIN Flag Count': 0.1187419518828392}"
DDoS,3151,0,"{' Fwd Header Length': 0.8833907842636108, ' act_data_pkt_fwd': 0.8830799460411072, ' Fwd Header Length.1': 0.8801762461662292, ' Bwd Header Length': 0.8784579038619995, ' Total Backward Packets': 0.8780041337013245, ' Subflow Bwd Packets': 0.8547776341438293, 'Subflow Fwd Packets': 0.8402964472770691, ' Active Max': 0.8393054008483887, 'Idle Mean': 0.8387013673782349, ' Max Packet Length': 0.8381121754646301, ' Avg Fwd Segment Size': 0.8376948237419128, ' Total Fwd Packets': 0.836612343788147, ' Active Std': 0.8364748358726501, ' Flow IAT Min': 0.835426926612854, ' Fwd Packet Length Mean': 0.8320110440254211, ' Packet Length Variance': 0.8320093154907227, ' Idle Min': 0.8286674618721008, ' Idle Max': 0.8205325603485107, ' ACK Flag Count': 0.8161113858222961, ' Min Packet Length': 0.8157558441162109, ' Down/Up Ratio': 0.8141626119613647, ' Protocol': 0.8010337352752686, ' Fwd Packet Length Min': 0.7952766418457031, ' ECE Flag Count': 0.7780511975288391, ' Packet Length Std': 0.7258914113044739, ' RST Flag Count': 0.7215375900268555, ' Bwd IAT Min': 0.7028782367706299, ' Average Packet Size': 0.6466255784034729, 'Active Mean': 0.6284126043319702, ' Active Min': 0.5959198474884033, ' Bwd Avg Packets/Bulk': 0.5410115122795105, ' Fwd Avg Packets/Bulk': 0.5384745597839355, ' Fwd Avg Bulk Rate': 0.5320857167243958, 'Bwd Avg Bulk Rate': 0.5151679515838623, ' Bwd Avg Bytes/Bulk': 0.5112298727035522, ' Bwd PSH Flags': 0.504917323589325, ' Bwd URG Flags': 0.48456650972366333, 'Fwd Avg Bytes/Bulk': 0.4730558693408966, ' Init_Win_bytes_backward': 0.34220337867736816, ' CWE Flag Count': 0.28847652673721313, ' Fwd URG Flags': 0.2660400867462158, 'Bwd Packet Length Max': 0.2348058521747589, ' Bwd Packets/s': 0.22328518331050873, ' URG Flag Count': 0.1979668140411377, ' Fwd IAT Std': 0.19508153200149536, ' Flow IAT Max': 0.19224640727043152, ' Avg Bwd Segment Size': 0.18758241832256317, ' Bwd Packet Length Std': 0.18696607649326324, ' Idle Std': 0.18628837168216705, ' Flow IAT Std': 0.18435564637184143, ' Flow IAT Mean': 0.17963388562202454, ' PSH Flag Count': 0.17861539125442505, 'Total Length of Fwd Packets': 0.17476756870746613, ' Fwd Packet Length Std': 0.17333686351776123, ' SYN Flag Count': 0.17324988543987274, 'Init_Win_bytes_forward': 0.17314083874225616, ' Flow Duration': 0.16919545829296112, ' min_seg_size_forward': 0.16490168869495392, 'Fwd Packets/s': 0.16478563845157623, ' Packet Length Mean': 0.16446258127689362, ' Subflow Fwd Bytes': 0.16192872822284698, 'Bwd IAT Total': 0.16035211086273193, ' Bwd IAT Std': 0.15824882686138153, ' Bwd Packet Length Mean': 0.1572805941104889, ' Fwd IAT Max': 0.15491269528865814, ' Fwd IAT Min': 0.15210358798503876, ' Bwd IAT Max': 0.15192024409770966, ' Fwd Packet Length Max': 0.15072092413902283, ' Bwd IAT Mean': 0.14740397036075592, ' Subflow Bwd Bytes': 0.145831897854805, ' Fwd IAT Mean': 0.14539100229740143, 'Fwd PSH Flags': 0.143545463681221, 'Fwd IAT Total': 0.1372707486152649, ' Total Length of Bwd Packets': 0.13281792402267456, ' Bwd Packet Length Min': 0.12739792466163635, 'FIN Flag Count': 0.12136321514844894}"
PortScan,1,0,"{' Fwd Header Length': 0.873044490814209, ' Fwd Header Length.1': 0.8641902804374695, ' Bwd Header Length': 0.8545494079589844, ' Subflow Bwd Packets': 0.8532847166061401, ' ACK Flag Count': 0.851662814617157, ' Fwd Packet Length Mean': 0.8498448729515076, ' Total Backward Packets': 0.8485448956489563, ' Idle Min': 0.8473139405250549, ' act_data_pkt_fwd': 0.8443201184272766, 'Subflow Fwd Packets': 0.8441510200500488, ' Total Fwd Packets': 0.8415352702140808, ' Max Packet Length': 0.8409547209739685, ' Flow IAT Min': 0.8361949324607849, 'Idle Mean': 0.8352093696594238, ' Active Max': 0.8336259722709656, ' Idle Max': 0.8298556208610535, ' Avg Fwd Segment Size': 0.8220924139022827, ' Packet Length Variance': 0.8205538392066956, ' Protocol': 0.8185527324676514, ' Active Std': 0.8182159066200256, ' Min Packet Length': 0.8158297538757324, ' Down/Up Ratio': 0.8128061890602112, ' Fwd Packet Length Min': 0.8107874393463135, ' ECE Flag Count': 0.7821296453475952, ' RST Flag Count': 0.7760011553764343, ' Bwd IAT Min': 0.7471153736114502, ' Packet Length Std': 0.728508710861206, ' Average Packet Size': 0.6833307147026062, 'Active Mean': 0.6641986966133118, ' Active Min': 0.5890019536018372, 'Bwd Avg Bulk Rate': 0.556012749671936, ' Bwd PSH Flags': 0.5058393478393555, ' Bwd Avg Bytes/Bulk': 0.49849405884742737, ' Fwd Avg Packets/Bulk': 0.4882010221481323, ' Bwd Avg Packets/Bulk': 0.4857153296470642, ' Fwd Avg Bulk Rate': 0.4842222332954407, 'Fwd Avg Bytes/Bulk': 0.48126021027565, ' Bwd URG Flags': 0.4764693081378937, ' Init_Win_bytes_backward': 0.34178245067596436, ' CWE Flag Count': 0.2734622657299042, ' Fwd URG Flags': 0.2687371075153351, ' Bwd Packets/s': 0.21877826750278473, ' Flow IAT Std': 0.2067226767539978, ' Bwd Packet Length Std': 0.20120030641555786, 'Bwd Packet Length Max': 0.19774869084358215, ' Bwd Packet Length Mean': 0.19727103412151337, ' URG Flag Count': 0.19452421367168427, ' Idle Std': 0.18815328180789948, ' Fwd IAT Std': 0.18601392209529877, ' Avg Bwd Segment Size': 0.18566948175430298, ' Subflow Fwd Bytes': 0.1811257153749466, ' Flow IAT Max': 0.17952609062194824, ' Flow IAT Mean': 0.17600895464420319, ' PSH Flag Count': 0.17562918365001678, 'Total Length of Fwd Packets': 0.17555174231529236, 'Fwd Packets/s': 0.17529906332492828, ' Fwd IAT Max': 0.17379161715507507, ' Flow Duration': 0.17146237194538116, ' Fwd Packet Length Max': 0.16606223583221436, ' Bwd IAT Std': 0.1649482399225235, ' Fwd Packet Length Std': 0.16375307738780975, ' Fwd IAT Min': 0.16275134682655334, 'Init_Win_bytes_forward': 0.16152481734752655, 'Fwd IAT Total': 0.16144919395446777, ' SYN Flag Count': 0.1601196527481079, ' Packet Length Mean': 0.15850204229354858, ' Subflow Bwd Bytes': 0.15611231327056885, 'Bwd IAT Total': 0.15252840518951416, ' Bwd IAT Max': 0.15203586220741272, ' Bwd IAT Mean': 0.1505744606256485, ' min_seg_size_forward': 0.1484706699848175, 'FIN Flag Count': 0.14846307039260864, 'Fwd PSH Flags': 0.1463722586631775, ' Fwd IAT Mean': 0.14146506786346436, ' Total Length of Bwd Packets': 0.1362995207309723, ' Bwd Packet Length Min': 0.12307599931955338}"
FTP-Patator,6834,0,"{' Total Backward Packets': 0.8680105805397034, ' Fwd Header Length.1': 0.8643530607223511, ' Fwd Header Length': 0.8622243404388428, ' Total Fwd Packets': 0.8535953164100647, ' Bwd Header Length': 0.848459780216217, ' ACK Flag Count': 0.8441352844238281, ' Subflow Bwd Packets': 0.8437768816947937, ' Fwd Packet Length Min': 0.8434797525405884, ' Active Max': 0.8427969813346863, 'Subflow Fwd Packets': 0.841819703578949, ' Idle Min': 0.838979184627533, ' act_data_pkt_fwd': 0.8372290134429932, ' Active Std': 0.8299185037612915, ' Protocol': 0.8284419775009155, ' Max Packet Length': 0.825674831867218, ' Avg Fwd Segment Size': 0.8227135539054871, 'Idle Mean': 0.8226147890090942, ' Packet Length Variance': 0.8217969536781311, ' Min Packet Length': 0.820587158203125, ' Down/Up Ratio': 0.8168153762817383, ' Idle Max': 0.8157306909561157, ' Fwd Packet Length Mean': 0.8152862787246704, ' Flow IAT Min': 0.8071181178092957, ' RST Flag Count': 0.7970741391181946, ' ECE Flag Count': 0.7856002449989319, ' Average Packet Size': 0.7388274073600769, ' Packet Length Std': 0.7386057376861572, ' Bwd IAT Min': 0.711876392364502, 'Active Mean': 0.7067111730575562, ' Active Min': 0.5933039784431458, ' Fwd Avg Packets/Bulk': 0.5230014324188232, 'Bwd Avg Bulk Rate': 0.5207911133766174, ' Bwd PSH Flags': 0.5131509900093079, ' Fwd Avg Bulk Rate': 0.507076621055603, ' Bwd URG Flags': 0.47508132457733154, ' Bwd Avg Packets/Bulk': 0.46855637431144714, 'Fwd Avg Bytes/Bulk': 0.46730828285217285, ' Bwd Avg Bytes/Bulk': 0.44189849495887756, ' Init_Win_bytes_backward': 0.3592503070831299, ' CWE Flag Count': 0.2986963987350464, ' Fwd URG Flags': 0.29638853669166565, 'Bwd Packet Length Max': 0.2156921625137329, ' Bwd Packets/s': 0.20669159293174744, ' URG Flag Count': 0.20049822330474854, ' Bwd Packet Length Mean': 0.1978059709072113, ' Idle Std': 0.19388027489185333, ' Bwd IAT Std': 0.19012266397476196, ' Flow IAT Std': 0.1885078400373459, ' SYN Flag Count': 0.18846376240253448, ' Subflow Fwd Bytes': 0.18676649034023285, ' Flow IAT Max': 0.1838962435722351, ' Fwd IAT Std': 0.1822761595249176, ' Bwd Packet Length Std': 0.1815231293439865, ' min_seg_size_forward': 0.17614585161209106, ' Subflow Bwd Bytes': 0.17560070753097534, 'Fwd PSH Flags': 0.17493242025375366, ' Fwd IAT Max': 0.17301779985427856, ' Total Length of Bwd Packets': 0.17216961085796356, 'Total Length of Fwd Packets': 0.1719890534877777, 'Fwd Packets/s': 0.17053885757923126, ' PSH Flag Count': 0.16956591606140137, ' Fwd IAT Min': 0.16841177642345428, ' Avg Bwd Segment Size': 0.1684080809354782, ' Bwd IAT Mean': 0.16787157952785492, ' Fwd Packet Length Std': 0.16713137924671173, ' Fwd Packet Length Max': 0.16706286370754242, ' Flow Duration': 0.16309744119644165, ' Packet Length Mean': 0.155559241771698, 'Fwd IAT Total': 0.1548231542110443, ' Flow IAT Mean': 0.15271571278572083, ' Bwd IAT Max': 0.15269824862480164, 'Init_Win_bytes_forward': 0.14681467413902283, ' Bwd Packet Length Min': 0.14360342919826508, 'Bwd IAT Total': 0.13956889510154724, ' Fwd IAT Mean': 0.1393289566040039, 'FIN Flag Count': 0.12379785627126694}"
Bot,3825,0,"{' Max Packet Length': 0.9750961661338806, ' Flow IAT Min': 0.9595075249671936, ' Packet Length Variance': 0.9444743990898132, ' Active Max': 0.9442318677902222, ' Active Std': 0.9314759373664856, ' Fwd Packet Length Min': 0.9284207224845886, ' Min Packet Length': 0.9233775734901428, ' ECE Flag Count': 0.9206006526947021, ' Protocol': 0.917903482913971, ' act_data_pkt_fwd': 0.9111942052841187, ' RST Flag Count': 0.90830397605896, ' Total Backward Packets': 0.8951118588447571, ' Bwd Packet Length Min': 0.894181489944458, ' Total Fwd Packets': 0.8907694816589355, ' Subflow Bwd Packets': 0.8893164396286011, 'Idle Mean': 0.8873264789581299, ' Down/Up Ratio': 0.8853287696838379, 'Subflow Fwd Packets': 0.884544312953949, ' Fwd Header Length.1': 0.8580203056335449, ' Fwd Header Length': 0.8521464467048645, 'Fwd Packets/s': 0.8502458333969116, ' Bwd Header Length': 0.7986123561859131, ' Idle Max': 0.7828711271286011, ' Average Packet Size': 0.70773845911026, ' Avg Fwd Segment Size': 0.5232008695602417, ' Fwd Avg Packets/Bulk': 0.5206331610679626, ' Fwd Avg Bulk Rate': 0.5113765597343445, ' Bwd PSH Flags': 0.5007621049880981, ' Packet Length Std': 0.49778831005096436, ' Bwd URG Flags': 0.4888908863067627, ' Bwd Avg Bytes/Bulk': 0.48046886920928955, 'Bwd Avg Bulk Rate': 0.4795343279838562, 'Fwd Avg Bytes/Bulk': 0.47865915298461914, ' Bwd Avg Packets/Bulk': 0.47153544425964355, 'Bwd Packet Length Max': 0.3248647153377533, 'Active Mean': 0.31086286902427673, ' Idle Min': 0.269168496131897, ' Bwd Packets/s': 0.21496249735355377, ' Fwd Packet Length Mean': 0.20413631200790405, ' Active Min': 0.1854759007692337, 'FIN Flag Count': 0.1836586892604828, ' Subflow Fwd Bytes': 0.12257278710603714, 'Total Length of Fwd Packets': 0.11646822094917297, ' Fwd Packet Length Max': 0.11546294391155243, ' Idle Std': 0.11089559644460678, ' URG Flag Count': 0.10621491074562073, ' Total Length of Bwd Packets': 0.10614901781082153, ' Subflow Bwd Bytes': 0.10324279963970184, 'Fwd PSH Flags': 0.09759251028299332, ' SYN Flag Count': 0.09475391358137131, ' Init_Win_bytes_backward': 0.08767779171466827, ' Bwd Packet Length Std': 0.08371324092149734, ' Avg Bwd Segment Size': 0.07886205613613129, ' Fwd IAT Min': 0.0783374011516571, ' ACK Flag Count': 0.07482443749904633, ' min_seg_size_forward': 0.07326333224773407, ' Packet Length Mean': 0.07195842266082764, ' Flow IAT Max': 0.06952659785747528, ' Fwd IAT Max': 0.06675936281681061, ' Fwd IAT Std': 0.06320495903491974, ' Bwd Packet Length Mean': 0.06308197975158691, 'Init_Win_bytes_forward': 0.06230594217777252, ' Flow Duration': 0.061733879148960114, ' Fwd URG Flags': 0.061620090156793594, ' Flow IAT Mean': 0.060567524284124374, ' Flow IAT Std': 0.059622857719659805, 'Bwd IAT Total': 0.058838196098804474, ' Fwd Packet Length Std': 0.05771040916442871, 'Fwd IAT Total': 0.057393547147512436, ' CWE Flag Count': 0.05673870071768761, ' Bwd IAT Max': 0.05401099845767021, ' PSH Flag Count': 0.0537826232612133, ' Bwd IAT Min': 0.05245853215456009, ' Fwd IAT Mean': 0.05038627237081528, ' Bwd IAT Std': 0.04634375870227814, ' Bwd IAT Mean': 0.03146237134933472}"
DoS slowloris,10167,0,"{' Fwd Header Length': 0.8624203205108643, ' Bwd Header Length': 0.8486397862434387, ' Total Backward Packets': 0.8481064438819885, ' Fwd Header Length.1': 0.8467641472816467, ' Idle Max': 0.8438693284988403, ' act_data_pkt_fwd': 0.8435424566268921, ' ACK Flag Count': 0.8407597541809082, 'Subflow Fwd Packets': 0.8323391079902649, ' Total Fwd Packets': 0.8285905122756958, ' Subflow Bwd Packets': 0.8285341858863831, ' Fwd Packet Length Mean': 0.8279315233230591, 'Idle Mean': 0.8257197737693787, ' Idle Min': 0.825102686882019, ' Avg Fwd Segment Size': 0.8244463205337524, ' Active Max': 0.8243384957313538, ' Active Std': 0.8233392834663391, ' Protocol': 0.8197327256202698, ' Packet Length Variance': 0.8191080093383789, ' Max Packet Length': 0.8166157007217407, ' Fwd Packet Length Min': 0.8146952986717224, ' Down/Up Ratio': 0.807574450969696, ' Flow IAT Min': 0.8048328757286072, ' Min Packet Length': 0.8013081550598145, ' ECE Flag Count': 0.7846348285675049, ' RST Flag Count': 0.7755904793739319, ' Packet Length Std': 0.7533987164497375, ' Average Packet Size': 0.7411810159683228, ' Bwd IAT Min': 0.712533712387085, 'Active Mean': 0.699470043182373, ' Active Min': 0.598819375038147, ' Bwd PSH Flags': 0.5052186250686646, ' Fwd Avg Bulk Rate': 0.4990673065185547, 'Fwd Avg Bytes/Bulk': 0.49339064955711365, ' Fwd Avg Packets/Bulk': 0.48750704526901245, ' Bwd Avg Bytes/Bulk': 0.47739046812057495, ' Bwd Avg Packets/Bulk': 0.4769700765609741, ' Bwd URG Flags': 0.47176945209503174, 'Bwd Avg Bulk Rate': 0.4716130197048187, ' Init_Win_bytes_backward': 0.35146936774253845, ' CWE Flag Count': 0.2917862832546234, ' Fwd URG Flags': 0.2537623941898346, ' Bwd Packet Length Std': 0.21542204916477203, ' Bwd Packets/s': 0.21526026725769043, ' URG Flag Count': 0.2141513079404831, 'Bwd Packet Length Max': 0.20732666552066803, ' Idle Std': 0.19817806780338287, 'Total Length of Fwd Packets': 0.1874278336763382, 'Fwd Packets/s': 0.18575532734394073, ' Fwd Packet Length Std': 0.1839584857225418, ' Bwd Packet Length Mean': 0.18391475081443787, ' Flow IAT Std': 0.17964039742946625, ' Avg Bwd Segment Size': 0.17833398282527924, 'Fwd PSH Flags': 0.1777806431055069, ' Fwd IAT Std': 0.1742631196975708, ' PSH Flag Count': 0.17252574861049652, ' Flow IAT Mean': 0.17245705425739288, ' Packet Length Mean': 0.17060501873493195, ' Fwd IAT Max': 0.1661418229341507, ' Bwd IAT Max': 0.16216914355754852, 'Fwd IAT Total': 0.1614745557308197, ' Bwd IAT Mean': 0.16088497638702393, ' Subflow Fwd Bytes': 0.16046729683876038, 'FIN Flag Count': 0.15960843861103058, ' min_seg_size_forward': 0.1585620939731598, ' Flow IAT Max': 0.15807488560676575, ' Flow Duration': 0.15765798091888428, ' Bwd IAT Std': 0.1575244814157486, 'Bwd IAT Total': 0.15700379014015198, ' Total Length of Bwd Packets': 0.15540558099746704, ' Subflow Bwd Bytes': 0.15354770421981812, 'Init_Win_bytes_forward': 0.15312442183494568, ' Fwd IAT Min': 0.15300850570201874, ' SYN Flag Count': 0.1508733630180359, ' Fwd Packet Length Max': 0.14976146817207336, ' Fwd IAT Mean': 0.1477542370557785, ' Bwd Packet Length Min': 0.14089784026145935}"
DoS GoldenEye,7734,0,"{' ACK Flag Count': 0.8571984767913818, ' Bwd Header Length': 0.8538967370986938, ' Fwd Header Length': 0.8490927219390869, ' Subflow Bwd Packets': 0.8460425138473511, ' act_data_pkt_fwd': 0.8446643352508545, ' Total Backward Packets': 0.8433074951171875, ' Active Max': 0.8403891921043396, 'Subflow Fwd Packets': 0.8389211893081665, ' Packet Length Variance': 0.8385022282600403, 'Idle Mean': 0.8364226818084717, ' Max Packet Length': 0.833825409412384, ' Fwd Header Length.1': 0.8325139880180359, ' Total Fwd Packets': 0.8300964832305908, ' Idle Min': 0.8287056684494019, ' Avg Fwd Segment Size': 0.8283765316009521, ' Flow IAT Min': 0.8279134035110474, ' Fwd Packet Length Mean': 0.8227824568748474, ' Idle Max': 0.8143136501312256, ' Fwd Packet Length Min': 0.8101024031639099, ' Down/Up Ratio': 0.8043737411499023, ' Protocol': 0.8028180599212646, ' Min Packet Length': 0.7955180406570435, ' Active Std': 0.7949697971343994, ' RST Flag Count': 0.7864487171173096, ' ECE Flag Count': 0.7647811770439148, ' Packet Length Std': 0.7430838942527771, ' Bwd IAT Min': 0.73931884765625, ' Average Packet Size': 0.7158666253089905, 'Active Mean': 0.7082985639572144, ' Active Min': 0.5962318778038025, ' Bwd URG Flags': 0.5195461511611938, ' Bwd Avg Packets/Bulk': 0.5149288177490234, ' Bwd Avg Bytes/Bulk': 0.4950315058231354, ' Fwd Avg Packets/Bulk': 0.48614877462387085, 'Bwd Avg Bulk Rate': 0.48479530215263367, ' Fwd Avg Bulk Rate': 0.4805094003677368, 'Fwd Avg Bytes/Bulk': 0.48012617230415344, ' Bwd PSH Flags': 0.46907374262809753, ' Init_Win_bytes_backward': 0.3895529508590698, ' CWE Flag Count': 0.27723515033721924, ' Fwd URG Flags': 0.2466454803943634, 'Bwd Packet Length Max': 0.20967960357666016, ' Avg Bwd Segment Size': 0.19320006668567657, 'Total Length of Fwd Packets': 0.19276688992977142, ' URG Flag Count': 0.19134418666362762, ' Bwd Packets/s': 0.18881559371948242, ' Fwd IAT Std': 0.18684528768062592, ' SYN Flag Count': 0.18674585223197937, 'Fwd Packets/s': 0.18648932874202728, ' Idle Std': 0.18465757369995117, ' Flow IAT Std': 0.1820663958787918, ' Flow IAT Max': 0.1781923472881317, ' Flow IAT Mean': 0.17787721753120422, ' Fwd IAT Min': 0.1778607964515686, ' Subflow Fwd Bytes': 0.17767156660556793, ' Bwd IAT Max': 0.17726919054985046, ' Bwd Packet Length Std': 0.17707142233848572, ' PSH Flag Count': 0.17689365148544312, ' Fwd Packet Length Std': 0.17338761687278748, ' Bwd Packet Length Mean': 0.16874471306800842, ' Total Length of Bwd Packets': 0.1675424426794052, ' Bwd IAT Mean': 0.1666596531867981, ' Fwd IAT Max': 0.1639583259820938, ' Fwd Packet Length Max': 0.16235800087451935, ' Subflow Bwd Bytes': 0.15906062722206116, ' Bwd IAT Std': 0.1589507907629013, ' Packet Length Mean': 0.15739867091178894, 'Bwd IAT Total': 0.1559855043888092, 'Fwd PSH Flags': 0.15406550467014313, ' min_seg_size_forward': 0.15308453142642975, ' Flow Duration': 0.1522802710533142, 'Fwd IAT Total': 0.14873182773590088, ' Fwd IAT Mean': 0.13895143568515778, 'Init_Win_bytes_forward': 0.1271263211965561, ' Bwd Packet Length Min': 0.11963959783315659, 'FIN Flag Count': 0.11667554825544357}"
DoS Slowhttptest,6892,0,"{' Subflow Bwd Packets': 0.8745975494384766, ' Fwd Header Length.1': 0.8711604475975037, ' Fwd Header Length': 0.867940366268158, ' act_data_pkt_fwd': 0.8610461950302124, ' Bwd Header Length': 0.8549156188964844, ' Total Backward Packets': 0.852193295955658, ' Active Max': 0.8453912734985352, 'Idle Mean': 0.8447098135948181, 'Subflow Fwd Packets': 0.8383411765098572, ' Idle Min': 0.83762127161026, ' Max Packet Length': 0.8372840881347656, ' Total Fwd Packets': 0.8347122669219971, ' ACK Flag Count': 0.8343538045883179, ' Packet Length Variance': 0.8338159918785095, ' Avg Fwd Segment Size': 0.8336413502693176, ' Protocol': 0.8319128155708313, ' Fwd Packet Length Mean': 0.8307175040245056, ' Active Std': 0.829157829284668, ' Down/Up Ratio': 0.8270684480667114, ' Flow IAT Min': 0.8168935775756836, ' Idle Max': 0.8152684569358826, ' Min Packet Length': 0.8082832098007202, ' Fwd Packet Length Min': 0.8064650893211365, ' RST Flag Count': 0.7553062438964844, ' ECE Flag Count': 0.7502135038375854, ' Packet Length Std': 0.7268891334533691, ' Bwd IAT Min': 0.7200639247894287, ' Average Packet Size': 0.6963280439376831, 'Active Mean': 0.6809666156768799, ' Active Min': 0.5990869402885437, ' Bwd URG Flags': 0.5438375473022461, ' Bwd PSH Flags': 0.5424596071243286, 'Fwd Avg Bytes/Bulk': 0.5215328931808472, ' Fwd Avg Bulk Rate': 0.5192328095436096, 'Bwd Avg Bulk Rate': 0.5117319822311401, ' Bwd Avg Bytes/Bulk': 0.4901653230190277, ' Bwd Avg Packets/Bulk': 0.48278558254241943, ' Fwd Avg Packets/Bulk': 0.4685176610946655, ' Init_Win_bytes_backward': 0.39417245984077454, ' Fwd URG Flags': 0.27777740359306335, ' CWE Flag Count': 0.2632052004337311, ' Idle Std': 0.21248111128807068, ' Bwd Packets/s': 0.21078099310398102, 'Bwd Packet Length Max': 0.20746533572673798, ' URG Flag Count': 0.19342966377735138, ' Flow IAT Max': 0.1926511824131012, ' Fwd IAT Std': 0.18773573637008667, ' Bwd Packet Length Std': 0.18460069596767426, 'Fwd Packets/s': 0.18166576325893402, 'Bwd IAT Total': 0.1758863627910614, ' Bwd Packet Length Mean': 0.175005704164505, ' PSH Flag Count': 0.174408957362175, ' Avg Bwd Segment Size': 0.172915518283844, ' Flow IAT Std': 0.17196153104305267, ' Flow IAT Mean': 0.17034199833869934, ' Bwd IAT Max': 0.1660183221101761, ' Fwd IAT Max': 0.16427309811115265, ' Subflow Fwd Bytes': 0.16335618495941162, ' Packet Length Mean': 0.16305182874202728, ' Total Length of Bwd Packets': 0.16296975314617157, ' SYN Flag Count': 0.16190288960933685, ' Fwd IAT Mean': 0.1595456749200821, ' Bwd IAT Std': 0.1584310233592987, 'Fwd PSH Flags': 0.15735046565532684, 'Fwd IAT Total': 0.1558101773262024, ' Fwd Packet Length Max': 0.1557139754295349, ' Subflow Bwd Bytes': 0.15355490148067474, ' Flow Duration': 0.15326842665672302, ' Bwd IAT Mean': 0.1516125649213791, ' Fwd Packet Length Std': 0.15096856653690338, ' Fwd IAT Min': 0.14970459043979645, 'Total Length of Fwd Packets': 0.14759066700935364, ' min_seg_size_forward': 0.14629900455474854, 'Init_Win_bytes_forward': 0.1351255476474762, 'FIN Flag Count': 0.1286134123802185, ' Bwd Packet Length Min': 0.11694470047950745}"
SSH-Patator,2902,0,"{'Subflow Fwd Packets': 0.8657068610191345, ' Bwd Header Length': 0.8565539717674255, ' ACK Flag Count': 0.856033444404602, ' Fwd Header Length.1': 0.8536071181297302, ' act_data_pkt_fwd': 0.848814070224762, ' Subflow Bwd Packets': 0.8423320651054382, ' Total Backward Packets': 0.8421499133110046, ' Total Fwd Packets': 0.8420544862747192, ' Packet Length Variance': 0.8380260467529297, ' Max Packet Length': 0.8376855254173279, ' Idle Min': 0.8362279534339905, ' Active Std': 0.8337705731391907, 'Idle Mean': 0.8316612839698792, ' Fwd Header Length': 0.831015408039093, ' Flow IAT Min': 0.828373908996582, ' Active Max': 0.8271043300628662, ' Min Packet Length': 0.8236857652664185, ' Avg Fwd Segment Size': 0.8179759979248047, ' Fwd Packet Length Mean': 0.8170295357704163, ' Down/Up Ratio': 0.8163777589797974, ' Idle Max': 0.8107171654701233, ' Protocol': 0.8031926155090332, ' Fwd Packet Length Min': 0.7933778762817383, ' Packet Length Std': 0.7856751680374146, ' Average Packet Size': 0.7764809131622314, ' ECE Flag Count': 0.7687267065048218, ' RST Flag Count': 0.7681024074554443, 'Active Mean': 0.7376997470855713, ' Bwd IAT Min': 0.7285211682319641, ' Active Min': 0.565251886844635, 'Fwd Avg Bytes/Bulk': 0.5243924856185913, ' Fwd Avg Bulk Rate': 0.5115054845809937, ' Fwd Avg Packets/Bulk': 0.503141462802887, ' Bwd PSH Flags': 0.4923178553581238, ' Bwd URG Flags': 0.48018768429756165, ' Bwd Avg Packets/Bulk': 0.4691872298717499, 'Bwd Avg Bulk Rate': 0.4687950313091278, ' Bwd Avg Bytes/Bulk': 0.46750518679618835, ' Init_Win_bytes_backward': 0.3424829840660095, ' CWE Flag Count': 0.26863059401512146, ' Fwd URG Flags': 0.25082314014434814, ' Bwd Packets/s': 0.21870605647563934, ' Idle Std': 0.1982119381427765, ' Fwd IAT Std': 0.19501662254333496, 'Total Length of Fwd Packets': 0.19105195999145508, ' Subflow Fwd Bytes': 0.1860179305076599, ' Flow IAT Std': 0.18444833159446716, ' Bwd Packet Length Mean': 0.18138249218463898, ' Avg Bwd Segment Size': 0.18020400404930115, ' URG Flag Count': 0.17948754131793976, ' Fwd IAT Max': 0.1776636242866516, ' Fwd Packet Length Max': 0.17180795967578888, ' Total Length of Bwd Packets': 0.17091630399227142, ' Bwd IAT Max': 0.17062686383724213, ' Flow IAT Mean': 0.1685551255941391, 'Bwd Packet Length Max': 0.16836299002170563, ' Fwd Packet Length Std': 0.1679602712392807, ' Bwd Packet Length Min': 0.1679505854845047, ' Flow IAT Max': 0.16735969483852386, 'Fwd PSH Flags': 0.16606834530830383, ' Fwd IAT Min': 0.16451860964298248, 'Fwd IAT Total': 0.16348698735237122, ' Bwd IAT Mean': 0.16268451511859894, 'Fwd Packets/s': 0.16220323741436005, ' Flow Duration': 0.16220083832740784, 'Bwd IAT Total': 0.16195443272590637, ' Bwd Packet Length Std': 0.16191953420639038, ' SYN Flag Count': 0.16144773364067078, 'FIN Flag Count': 0.1602226197719574, ' PSH Flag Count': 0.16020749509334564, ' Subflow Bwd Bytes': 0.15681354701519012, ' Bwd IAT Std': 0.15541747212409973, ' min_seg_size_forward': 0.15284766256809235, ' Fwd IAT Mean': 0.15183138847351074, ' Packet Length Mean': 0.1496155858039856, 'Init_Win_bytes_forward': 0.12406810373067856}"
Infiltration,49025,0,"{' Fwd Header Length': 0.869275689125061, ' Fwd Header Length.1': 0.8675395846366882, ' Subflow Bwd Packets': 0.8660908937454224, ' act_data_pkt_fwd': 0.8632398843765259, ' ACK Flag Count': 0.8561002612113953, ' Bwd Header Length': 0.8557422757148743, ' Total Fwd Packets': 0.8550931215286255, ' Total Backward Packets': 0.8525490760803223, ' Active Max': 0.8460662364959717, 'Subflow Fwd Packets': 0.8393741846084595, ' Protocol': 0.8380677103996277, ' Packet Length Variance': 0.8377520442008972, ' Avg Fwd Segment Size': 0.83644700050354, ' Max Packet Length': 0.8340507745742798, 'Idle Mean': 0.8311291933059692, ' Idle Min': 0.829110324382782, ' Idle Max': 0.8283411264419556, ' Fwd Packet Length Mean': 0.8252098560333252, ' Active Std': 0.8186141848564148, ' Down/Up Ratio': 0.815538763999939, ' Min Packet Length': 0.8072783946990967, ' Fwd Packet Length Min': 0.8069851994514465, ' Flow IAT Min': 0.7939642071723938, ' ECE Flag Count': 0.7905759811401367, ' RST Flag Count': 0.763357937335968, ' Bwd IAT Min': 0.7494617700576782, ' Packet Length Std': 0.7314143776893616, ' Average Packet Size': 0.7118989825248718, 'Active Mean': 0.706052839756012, ' Active Min': 0.6196364164352417, ' Fwd Avg Packets/Bulk': 0.5172214508056641, ' Bwd Avg Bytes/Bulk': 0.4960234761238098, 'Bwd Avg Bulk Rate': 0.4957125186920166, ' Bwd Avg Packets/Bulk': 0.494473934173584, ' Bwd PSH Flags': 0.4859408438205719, ' Bwd URG Flags': 0.47608640789985657, 'Fwd Avg Bytes/Bulk': 0.4646929204463959, ' Fwd Avg Bulk Rate': 0.45757123827934265, ' Init_Win_bytes_backward': 0.38819584250450134, ' Fwd URG Flags': 0.2809869647026062, ' CWE Flag Count': 0.2775449752807617, 'Bwd Packet Length Max': 0.21424485743045807, ' Idle Std': 0.2072022706270218, ' Fwd IAT Std': 0.19633939862251282, ' Bwd Packets/s': 0.1902192085981369, ' Bwd IAT Std': 0.18922875821590424, 'Total Length of Fwd Packets': 0.1874789297580719, ' URG Flag Count': 0.18660354614257812, ' Bwd Packet Length Std': 0.18207140266895294, ' Avg Bwd Segment Size': 0.17905257642269135, ' Flow IAT Std': 0.1777707189321518, ' Subflow Fwd Bytes': 0.17471997439861298, ' PSH Flag Count': 0.17168425023555756, ' Flow IAT Mean': 0.17143000662326813, ' Fwd Packet Length Max': 0.1705433875322342, ' min_seg_size_forward': 0.16992178559303284, 'Fwd IAT Total': 0.1687970757484436, ' Bwd Packet Length Mean': 0.16821914911270142, ' Bwd IAT Max': 0.16788534820079803, 'Fwd PSH Flags': 0.16688814759254456, ' Fwd IAT Min': 0.16654452681541443, ' Packet Length Mean': 0.1665000170469284, ' SYN Flag Count': 0.16400782763957977, ' Fwd Packet Length Std': 0.16242848336696625, ' Flow IAT Max': 0.16149461269378662, 'Fwd Packets/s': 0.16083332896232605, ' Fwd IAT Max': 0.16048771142959595, ' Bwd IAT Mean': 0.15831419825553894, ' Subflow Bwd Bytes': 0.15415583550930023, ' Total Length of Bwd Packets': 0.1535578966140747, 'Bwd IAT Total': 0.15047051012516022, 'Init_Win_bytes_forward': 0.14648796617984772, ' Flow Duration': 0.1396283507347107, ' Fwd IAT Mean': 0.1377423107624054, 'FIN Flag Count': 0.13014954328536987, ' Bwd Packet Length Min': 0.11479391157627106}"
